,loss,r2,learning_rate,batch_size,epochs,n_d,n_a,n_steps,gamma
3,114.32448259963205,-0.03734204291074339,0.05,256.0,100.0,16.0,16.0,3.0,1.5
7,114.32448259963205,-0.03734204291074339,0.1,256.0,100.0,16.0,16.0,3.0,1.5
2,115.79750646109372,-0.05070776779275432,0.05,256.0,100.0,16.0,16.0,3.0,1.3
6,115.79750646109372,-0.05070776779275432,0.1,256.0,100.0,16.0,16.0,3.0,1.3
0,121.33582074768374,-0.10096057564015704,0.05,128.0,100.0,16.0,16.0,3.0,1.3
4,121.33582074768374,-0.10096057564015704,0.1,128.0,100.0,16.0,16.0,3.0,1.3
1,152.35464351018774,-0.38241497841954675,0.05,128.0,100.0,16.0,16.0,3.0,1.5
5,152.35464351018774,-0.38241497841954675,0.1,128.0,100.0,16.0,16.0,3.0,1.5
